{
  "outcome_variable": "total_encounters",
  "treatment_variable": "h1_normal_lab_flag",
  "covariates": [
    "baseline_encounters",
    "sex_M",
    "age",
    "charlson_score",
    "age_conf",
    "sex_conf",
    "charlson_conf",
    "baseline_encounters_conf"
  ],
  "selected_model": "negative_binomial",
  "model_results": {
    "model_type": "negative_binomial_fallback",
    "coefficients": [
      0.505443113421757,
      0.004545521797717219,
      0.0011574825012708764,
      0.0,
      0.017757121305264398,
      0.1596578467269712,
      -0.005808442108597332,
      0.0002786565141913177,
      0.004506165555465457,
      0.0031084085088603896
    ],
    "se": [
      0.004821010203342446,
      0.004655848337714344,
      0.001336763368331128,
      1.0,
      0.00017203130994987765,
      0.003104508491003603,
      0.0022583769383279985,
      0.0009219712720697204,
      0.00388241785543993,
      0.0013133878245139758
    ],
    "irr": [
      1.6577199156827973,
      1.0045558683528144,
      1.0011581526426754,
      1.0,
      1.0179157163233767,
      1.1731094190893232,
      0.9942083942777695,
      1.0002786953425242,
      1.0045163335866791,
      1.003113244620161
    ],
    "irr_ci_lower": [
      1.6421298808076532,
      0.9954306979085866,
      0.998538543412796,
      0.1408634940932175,
      1.0175725582723725,
      1.1659930436258121,
      0.9898174175580525,
      0.998472793394855,
      0.9969015764384412,
      1.0005343583936863
    ],
    "irr_ci_upper": [
      1.6734579590621705,
      1.013764689759195,
      1.0037846342687806,
      7.099071384231335,
      1.0182589900982644,
      1.180269227744837,
      0.9986188500208004,
      1.0020878635603074,
      1.0121892554803615,
      1.0056987779488697
    ],
    "pvalues": [
      0.0,
      0.32891400408412497,
      0.3865535776103979,
      1.0,
      0.0,
      0.0,
      0.010112626149625159,
      0.7624691822913807,
      0.24578035742429427,
      0.017946974196931365
    ],
    "n_observations": 250025,
    "timestamp": "2025-06-17T03:03:32.575664",
    "dispersion_statistic": 12.713280927123833,
    "n_clusters": 20,
    "clustered": true,
    "overdispersed": "True"
  },
  "treatment_effect": {
    "coefficient": 0.004545521797717219,
    "se": 0.004655848337714344,
    "irr": 1.0045558683528144,
    "irr_ci_lower": 0.9954306979085866,
    "irr_ci_upper": 1.013764689759195,
    "p_value": 0.32891400408412497
  },
  "clustered": true,
  "weighted": true,
  "timestamp": "2025-06-17T03:03:32.578234",
  "hypothesis": "H1",
  "description": "Normal lab cascade \u2192 healthcare encounters",
  "exposure_definition": "3+ normal lab tests in 12-month window",
  "outcome_definition": "Total healthcare encounters in follow-up",
  "analysis_method": "Poisson regression with cluster-robust SE",
  "sample_size": 250025,
  "exposed_count": 37646,
  "exposure_prevalence": 0.15056894310568944
}