{
  "outcome_variable": "primary_care_encounters",
  "treatment_variable": "h2_referral_loop_flag",
  "covariates": [
    "baseline_encounters",
    "sex_M",
    "age",
    "charlson_score",
    "age_conf",
    "sex_conf",
    "charlson_conf",
    "baseline_encounters_conf"
  ],
  "selected_model": "poisson",
  "model_results": {
    "model_type": "poisson",
    "coefficients": [
      1.094959150153327,
      0.004778883899597305,
      -0.0011708366632661126,
      0.0,
      0.00010529856917505298,
      -0.0009062984243404179,
      -0.0012695106815118757,
      -0.00035431094061540825,
      0.002090995045043816,
      -0.000858195259145166
    ],
    "se": [
      0.004333533643361998,
      0.002358485373023822,
      0.0005581457310946101,
      1.0,
      7.536996691375527e-05,
      0.0010246510361541685,
      0.0006394373754200179,
      0.00134133348853121,
      0.0009242556408349013,
      0.0009346016759949981
    ],
    "irr": [
      2.9890605782330746,
      1.0047903209768239,
      0.9988298484985496,
      1.0,
      1.000105304113264,
      0.999094112140036,
      0.9987312948062789,
      0.9996457518200934,
      1.002093182699709,
      0.9991421728850856
    ],
    "irr_ci_lower": [
      2.9637802952785584,
      1.0001563497317516,
      0.997737780489852,
      0.1408634940932175,
      0.999957577048387,
      0.9970896657057933,
      0.9974803946398079,
      0.9970211692773921,
      1.0002795263367072,
      0.9973136338726568
    ],
    "irr_ci_upper": [
      3.014556495493304,
      1.0094457625545155,
      0.9999231118238514,
      7.099071384231335,
      1.0002530530023526,
      1.0011025881070739,
      0.9999837636764907,
      1.0022772433771023,
      1.003910127492911,
      1.000974064458641
    ],
    "pvalues": [
      0.0,
      0.04273904571654508,
      0.03592938027628789,
      1.0,
      0.16238673955154193,
      0.37642921511402094,
      0.04710490346124363,
      0.7916656586770388,
      0.02367543376950465,
      0.35848952620380103
    ],
    "n_observations": 250025,
    "timestamp": "2025-06-17T03:03:39.881444",
    "dispersion_statistic": 0.9951831242789453,
    "n_clusters": 20,
    "clustered": true,
    "overdispersed": "False"
  },
  "treatment_effect": {
    "coefficient": 0.004778883899597305,
    "se": 0.002358485373023822,
    "irr": 1.0047903209768239,
    "irr_ci_lower": 1.0001563497317516,
    "irr_ci_upper": 1.0094457625545155,
    "p_value": 0.04273904571654508
  },
  "clustered": true,
  "weighted": true,
  "timestamp": "2025-06-17T03:03:39.883302",
  "hypothesis": "H2",
  "description": "Unresolved referrals \u2192 healthcare utilization",
  "exposure_definition": "Referral loop pattern in specialist pathways",
  "outcome_definition": "Primary care encounters in follow-up",
  "analysis_method": "Poisson regression with cluster-robust SE",
  "sample_size": 250025,
  "exposed_count": 19895,
  "exposure_prevalence": 0.07957204279572043
}