{
  "method": "IPTW-MSM-Demo",
  "treated_mean": 6.706099992472718,
  "control_mean": 3.847357813466748,
  "ate": 2.8587421790059704,
  "n_treated": 58,
  "n_control": 53,
  "mean_ps_score": 0.6516534537959398,
  "demo_mode": true,
  "timestamp": "2025-06-17T18:45:20.902337",
  "status": "completed"
}