{
  "n_observations": 250025,
  "ess": 216193.32882742517,
  "ess_ratio": 0.8646868466250381,
  "min_ess_ratio_threshold": 0.5,
  "ess_check_passed": true,
  "weight_check_passed": true,
  "validation_passed": true,
  "timestamp": "2025-06-29T15:11:51.983651",
  "median_weight": 0.8638741374015808,
  "max_weight": 2.445248603820801,
  "min_weight": 0.46439242362976074,
  "max_weight_ratio": 2.8305611610412598,
  "min_weight_ratio": 0.537569522857666,
  "n_extreme_high": 0,
  "n_extreme_low": 0,
  "n_extreme_weights": 0,
  "has_extreme_weights": false,
  "extreme_weight_pct": 0.0
}