{
  "n_observations": 250025,
  "ess": 250024.8281395335,
  "ess_ratio": 0.9999993126268713,
  "min_ess_ratio_threshold": 0.5,
  "ess_check_passed": true,
  "weight_check_passed": true,
  "validation_passed": true,
  "timestamp": "2025-07-02T07:08:20.922874",
  "median_weight": 0.9997835755348206,
  "max_weight": 1.0034846067428589,
  "min_weight": 0.9993121027946472,
  "max_weight_ratio": 1.0037018060684204,
  "min_weight_ratio": 0.9995284080505371,
  "n_extreme_high": 0,
  "n_extreme_low": 0,
  "n_extreme_weights": 0,
  "has_extreme_weights": false,
  "extreme_weight_pct": 0.0
}