{
  "best_auroc": 0.8470997824146307,
  "test_auroc": 0.8531807991032109,
  "target_achieved": true,
  "n_components": 8,
  "trials_completed": 1,
  "timestamp": "2025-06-17T18:45:19.229468"
}