{
  "imputation": 1,
  "n_obs": 250066,
  "n_treated": 186,
  "estimates": [
    {
      "method": "TMLE",
      "estimate": 0.3549000191498828,
      "se": 0.0015556911056021055,
      "ci_lower": 0.35185086458290266,
      "ci_upper": 0.3579491737168629,
      "n": 250066
    },
    {
      "method": "Double ML",
      "estimate": 5.933391338392427,
      "se": 0.5403134990289474,
      "ci_lower": 4.87437688029569,
      "ci_upper": 6.992405796489164,
      "n": 250066
    },
    {
      "method": "Causal Forest",
      "estimate": 8.101678731173473,
      "se": 0.013463227237003446,
      "ci_lower": 8.075227488135182,
      "ci_upper": 8.125532698421193,
      "n": 250066
    }
  ]
}