{
  "outcome": "total_encounters",
  "estimates": [
    {
      "method": "Double ML",
      "estimate": 7.693230483704033,
      "ci_lower": 5.142481598625477,
      "ci_upper": 10.243979368782593,
      "n": 250066
    },
    {
      "method": "Causal Forest",
      "estimate": 7.66940773239967,
      "ci_lower": 5.297713537821599,
      "ci_upper": 10.041101926977403,
      "n": 250066
    }
  ],
  "timestamp": "2025-07-01T18:06:26.359793"
}