{
  "outcome": "total_encounters",
  "estimates": [
    {
      "method": "Double ML",
      "estimate": 7.693230483704033,
      "ci_lower": 5.142481598625477,
      "ci_upper": 10.243979368782593,
      "n": 250066
    },
    {
      "method": "Causal Forest",
      "estimate": 7.669407732399677,
      "ci_lower": 5.2977135378217834,
      "ci_upper": 10.041101926977563,
      "n": 250066
    }
  ],
  "timestamp": "2025-07-01T17:16:02.610853"
}