{
  "outcome": "total_encounters",
  "estimates": [
    {
      "method": "Double ML",
      "estimate": 7.693230483704033,
      "ci_lower": 5.142481598625477,
      "ci_upper": 10.243979368782593,
      "n": 250066
    },
    {
      "method": "Causal Forest",
      "estimate": 7.6694077323996765,
      "ci_lower": 5.297713537821784,
      "ci_upper": 10.041101926977563,
      "n": 250066
    }
  ],
  "timestamp": "2025-07-01T17:26:17.753771"
}