{
  "outcome": "total_encounters",
  "estimates": [
    {
      "method": "Double ML",
      "estimate": 7.693230483704033,
      "ci_lower": 5.142481598625477,
      "ci_upper": 10.243979368782593,
      "n": 250066
    },
    {
      "method": "Causal Forest",
      "estimate": 7.669407732399674,
      "ci_lower": 5.29771353782212,
      "ci_upper": 10.041101926977934,
      "n": 250066
    }
  ],
  "timestamp": "2025-07-01T17:35:44.846901"
}