{
  "imputation": 30,
  "n_obs": 250066,
  "n_treated": 186,
  "estimates": [
    {
      "method": "TMLE",
      "estimate": 0.0,
      "se": 0.0,
      "ci_lower": 0.0,
      "ci_upper": 0.0,
      "n": 250066
    },
    {
      "method": "Double ML",
      "estimate": 4.380648950049996,
      "se": 0.5731441486201236,
      "ci_lower": 3.2572864187545534,
      "ci_upper": 5.504011481345438,
      "n": 250066
    },
    {
      "method": "Causal Forest",
      "estimate": 6.054901958326673,
      "se": 0.010987107716307051,
      "ci_lower": 6.033324534111923,
      "ci_upper": 6.074199393631663,
      "n": 250066
    }
  ]
}